{
  "project_info": {
    "project_number": "587866369878",
    "project_id": "mini-project-9d7fa",
    "storage_bucket": "mini-project-9d7fa.appspot.com"
  },
  "client": [
    {
      "client_info": {
        "mobilesdk_app_id": "1:587866369878:android:c52c167d7e4a7cf475b0f7",
        "android_client_info": {
          "package_name": "com.example.testproject"
        }
      },
      "oauth_client": [
        {
          "client_id": "587866369878-vfbslu5ikn818fhqopgqasv7o4qc6668.apps.googleusercontent.com",
          "client_type": 3
        }
      ],
      "api_key": [
        {
          "current_key": "AIzaSyDTBBOKAk2jewmmhFYoZLU8z_lw4IHZTPo"
        }
      ],
      "services": {
        "appinvite_service": {
          "other_platform_oauth_client": [
            {
              "client_id": "587866369878-vfbslu5ikn818fhqopgqasv7o4qc6668.apps.googleusercontent.com",
              "client_type": 3
            }
          ]
        }
      }
    }
  ],
  "configuration_version": "1"
}